{
  "hash": "4201d89d",
  "configHash": "d4421f48",
  "lockfileHash": "f320f1fc",
  "browserHash": "36cf9fa7",
  "optimized": {
    "@angular/common": {
      "src": "../../../../../../node_modules/@angular/common/fesm2022/common.mjs",
      "file": "@angular_common.js",
      "fileHash": "871a13c4",
      "needsInterop": false
    },
    "@angular/common/http": {
      "src": "../../../../../../node_modules/@angular/common/fesm2022/http.mjs",
      "file": "@angular_common_http.js",
      "fileHash": "2be544e0",
      "needsInterop": false
    },
    "@angular/core": {
      "src": "../../../../../../node_modules/@angular/core/fesm2022/core.mjs",
      "file": "@angular_core.js",
      "fileHash": "d5b9752f",
      "needsInterop": false
    },
    "@angular/forms": {
      "src": "../../../../../../node_modules/@angular/forms/fesm2022/forms.mjs",
      "file": "@angular_forms.js",
      "fileHash": "3c97e91a",
      "needsInterop": false
    },
    "@angular/platform-browser": {
      "src": "../../../../../../node_modules/@angular/platform-browser/fesm2022/platform-browser.mjs",
      "file": "@angular_platform-browser.js",
      "fileHash": "886d8501",
      "needsInterop": false
    },
    "@angular/router": {
      "src": "../../../../../../node_modules/@angular/router/fesm2022/router.mjs",
      "file": "@angular_router.js",
      "fileHash": "8d290667",
      "needsInterop": false
    },
    "frappe-gantt": {
      "src": "../../../../../../node_modules/frappe-gantt/dist/frappe-gantt.es.js",
      "file": "frappe-gantt.js",
      "fileHash": "f55540db",
      "needsInterop": false
    },
    "rxjs": {
      "src": "../../../../../../node_modules/rxjs/dist/esm5/index.js",
      "file": "rxjs.js",
      "fileHash": "553e80cc",
      "needsInterop": false
    },
    "rxjs/operators": {
      "src": "../../../../../../node_modules/rxjs/dist/esm5/operators/index.js",
      "file": "rxjs_operators.js",
      "fileHash": "70d2d6e2",
      "needsInterop": false
    },
    "uuid": {
      "src": "../../../../../../node_modules/uuid/dist/esm-browser/index.js",
      "file": "uuid.js",
      "fileHash": "3934f542",
      "needsInterop": false
    }
  },
  "chunks": {
    "chunk-GL26BNZ4": {
      "file": "chunk-GL26BNZ4.js"
    },
    "chunk-JLQ4UYK3": {
      "file": "chunk-JLQ4UYK3.js"
    },
    "chunk-VCP6PZHG": {
      "file": "chunk-VCP6PZHG.js"
    },
    "chunk-DEWRB63J": {
      "file": "chunk-DEWRB63J.js"
    },
    "chunk-RFZ2BTTM": {
      "file": "chunk-RFZ2BTTM.js"
    },
    "chunk-WPM5VTLQ": {
      "file": "chunk-WPM5VTLQ.js"
    },
    "chunk-PEBH6BBU": {
      "file": "chunk-PEBH6BBU.js"
    },
    "chunk-4S3KYZTJ": {
      "file": "chunk-4S3KYZTJ.js"
    },
    "chunk-WDMUDEB6": {
      "file": "chunk-WDMUDEB6.js"
    }
  }
}