{
  "hash": "af9957a7",
  "configHash": "c602a058",
  "lockfileHash": "f320f1fc",
  "browserHash": "e44adcdf",
  "optimized": {
    "@angular/common": {
      "src": "../../../../../../node_modules/@angular/common/fesm2022/common.mjs",
      "file": "@angular_common.js",
      "fileHash": "696346f2",
      "needsInterop": false
    },
    "@angular/common/http": {
      "src": "../../../../../../node_modules/@angular/common/fesm2022/http.mjs",
      "file": "@angular_common_http.js",
      "fileHash": "4889d40c",
      "needsInterop": false
    },
    "@angular/core": {
      "src": "../../../../../../node_modules/@angular/core/fesm2022/core.mjs",
      "file": "@angular_core.js",
      "fileHash": "7302c098",
      "needsInterop": false
    },
    "@angular/forms": {
      "src": "../../../../../../node_modules/@angular/forms/fesm2022/forms.mjs",
      "file": "@angular_forms.js",
      "fileHash": "85039e99",
      "needsInterop": false
    },
    "@angular/platform-browser": {
      "src": "../../../../../../node_modules/@angular/platform-browser/fesm2022/platform-browser.mjs",
      "file": "@angular_platform-browser.js",
      "fileHash": "322c535b",
      "needsInterop": false
    },
    "@angular/platform-server": {
      "src": "../../../../../../node_modules/@angular/platform-server/fesm2022/platform-server.mjs",
      "file": "@angular_platform-server.js",
      "fileHash": "86cde8f9",
      "needsInterop": false
    },
    "@angular/router": {
      "src": "../../../../../../node_modules/@angular/router/fesm2022/router.mjs",
      "file": "@angular_router.js",
      "fileHash": "3c1c653f",
      "needsInterop": false
    },
    "@angular/ssr": {
      "src": "../../../../../../node_modules/@angular/ssr/fesm2022/ssr.mjs",
      "file": "@angular_ssr.js",
      "fileHash": "39d83a84",
      "needsInterop": false
    },
    "@angular/ssr/node": {
      "src": "../../../../../../node_modules/@angular/ssr/fesm2022/node.mjs",
      "file": "@angular_ssr_node.js",
      "fileHash": "6c82522f",
      "needsInterop": false
    },
    "express": {
      "src": "../../../../../../node_modules/express/index.js",
      "file": "express.js",
      "fileHash": "6143ad39",
      "needsInterop": true
    },
    "frappe-gantt": {
      "src": "../../../../../../node_modules/frappe-gantt/dist/frappe-gantt.es.js",
      "file": "frappe-gantt.js",
      "fileHash": "a6207964",
      "needsInterop": false
    },
    "rxjs": {
      "src": "../../../../../../node_modules/rxjs/dist/cjs/index.js",
      "file": "rxjs.js",
      "fileHash": "c0651776",
      "needsInterop": true
    },
    "rxjs/operators": {
      "src": "../../../../../../node_modules/rxjs/dist/cjs/operators/index.js",
      "file": "rxjs_operators.js",
      "fileHash": "61cf6a8e",
      "needsInterop": true
    },
    "uuid": {
      "src": "../../../../../../node_modules/uuid/dist/esm/index.js",
      "file": "uuid.js",
      "fileHash": "e36adb6f",
      "needsInterop": false
    }
  },
  "chunks": {
    "xhr2-TXIMV6CV": {
      "file": "xhr2-TXIMV6CV.js"
    },
    "chunk-YSSDYAUF": {
      "file": "chunk-YSSDYAUF.js"
    },
    "chunk-GMDUBQ5T": {
      "file": "chunk-GMDUBQ5T.js"
    },
    "chunk-M4U3CJSJ": {
      "file": "chunk-M4U3CJSJ.js"
    },
    "chunk-EQ4IAMI2": {
      "file": "chunk-EQ4IAMI2.js"
    },
    "chunk-SVWSKDNZ": {
      "file": "chunk-SVWSKDNZ.js"
    },
    "chunk-7VVESGAN": {
      "file": "chunk-7VVESGAN.js"
    },
    "chunk-62SVJMVC": {
      "file": "chunk-62SVJMVC.js"
    },
    "chunk-LEZCLC5X": {
      "file": "chunk-LEZCLC5X.js"
    },
    "chunk-ZUJ64LXG": {
      "file": "chunk-ZUJ64LXG.js"
    },
    "chunk-XCIYP5SE": {
      "file": "chunk-XCIYP5SE.js"
    },
    "chunk-OYTRG5F6": {
      "file": "chunk-OYTRG5F6.js"
    },
    "chunk-YHCV7DAQ": {
      "file": "chunk-YHCV7DAQ.js"
    }
  }
}